,Year,COMMUNITY,count
0,2003,AUSTIN,30627
1,2004,AUSTIN,29409
2,2006,AUSTIN,28696
3,2007,AUSTIN,28449
4,2005,AUSTIN,28149
5,2008,AUSTIN,26788
6,2009,AUSTIN,25616
7,2010,AUSTIN,24277
8,2011,AUSTIN,22690
9,2012,AUSTIN,21314
10,2002,AUSTIN,20395
11,2013,AUSTIN,20194
12,2014,AUSTIN,18667
13,2015,AUSTIN,16980
14,2016,AUSTIN,16644
15,2004,NEAR NORTH SIDE,15729
16,2003,NEAR WEST SIDE,15590
17,2003,HUMBOLDT PARK,15355
18,2017,AUSTIN,15251
19,2003,WEST TOWN,15249
20,2003,NEAR NORTH SIDE,15202
21,2018,AUSTIN,14926
22,2006,SOUTH SHORE,14769
23,2005,HUMBOLDT PARK,14693
24,2019,AUSTIN,14671
25,2004,NEAR WEST SIDE,14594
26,2005,NEAR NORTH SIDE,14560
27,2003,SOUTH SHORE,14541
28,2004,HUMBOLDT PARK,14485
29,2005,SOUTH SHORE,14328
30,2004,SOUTH SHORE,14322
31,2007,SOUTH SHORE,14218
32,2006,NEAR NORTH SIDE,14157
33,2004,WEST TOWN,14086
34,2008,SOUTH SHORE,14044
35,2004,WEST ENGLEWOOD,13998
36,2007,NEAR NORTH SIDE,13848
37,2003,WEST ENGLEWOOD,13807
38,2006,WEST ENGLEWOOD,13640
39,2006,HUMBOLDT PARK,13620
40,2007,WEST ENGLEWOOD,13537
41,2005,WEST ENGLEWOOD,13504
42,2008,WEST ENGLEWOOD,13351
43,2004,NORTH LAWNDALE,13320
44,2008,NEAR NORTH SIDE,13302
45,2007,AUBURN GRESHAM,13287
46,2005,NEAR WEST SIDE,13127
47,2004,AUBURN GRESHAM,13111
48,2007,HUMBOLDT PARK,13028
49,2008,HUMBOLDT PARK,13001
50,2006,WEST TOWN,12950
51,2009,SOUTH SHORE,12863
52,2004,ENGLEWOOD,12832
53,2018,NEAR NORTH SIDE,12784
54,2005,WEST TOWN,12779
55,2005,AUBURN GRESHAM,12705
56,2008,AUBURN GRESHAM,12680
57,2005,NORTH LAWNDALE,12646
58,2020,AUSTIN,12606
59,2007,ROSELAND,12586
60,2009,HUMBOLDT PARK,12504
61,2008,WEST TOWN,12481
62,2003,ENGLEWOOD,12460
63,2019,NEAR NORTH SIDE,12399
64,2007,ENGLEWOOD,12368
65,2010,SOUTH SHORE,12317
66,2007,WEST TOWN,12298
67,2008,ENGLEWOOD,12292
68,2003,AUBURN GRESHAM,12239
69,2003,NORTH LAWNDALE,12234
70,2006,ENGLEWOOD,12234
71,2006,ROSELAND,12206
72,2009,NEAR NORTH SIDE,12106
73,2011,SOUTH SHORE,12078
74,2006,NEAR WEST SIDE,12072
75,2006,AUBURN GRESHAM,12066
76,2008,ROSELAND,12065
77,2022,AUSTIN,12048
78,2017,NEAR NORTH SIDE,12043
79,2005,ENGLEWOOD,12042
80,2002,NEAR NORTH SIDE,12036
81,2006,NORTH LAWNDALE,11991
82,2002,WEST TOWN,11906
83,2010,HUMBOLDT PARK,11820
84,2004,ROSELAND,11766
85,2006,CHICAGO LAWN,11685
86,2009,WEST TOWN,11646
87,2003,ROSELAND,11602
88,2012,SOUTH SHORE,11598
89,2010,NEAR NORTH SIDE,11584
90,2007,NEAR WEST SIDE,11579
91,2004,GREATER GRAND CROSSING,11540
92,2005,ROSELAND,11513
93,2009,AUBURN GRESHAM,11505
94,2008,NEAR WEST SIDE,11429
95,2005,CHICAGO LAWN,11429
96,2021,AUSTIN,11403
97,2009,WEST ENGLEWOOD,11370
98,2010,WEST TOWN,11354
99,2007,NORTH LAWNDALE,11316
100,2007,CHICAGO LAWN,11295
101,2003,LOGAN SQUARE,11283
102,2007,GREATER GRAND CROSSING,11258
103,2012,NEAR NORTH SIDE,11257
104,2010,WEST ENGLEWOOD,11218
105,2012,HUMBOLDT PARK,11190
106,2011,NEAR NORTH SIDE,11190
107,2011,HUMBOLDT PARK,11142
108,2003,CHICAGO LAWN,11138
109,2005,GREATER GRAND CROSSING,11127
110,2008,CHICAGO LAWN,11124
111,2008,NORTH LAWNDALE,11085
112,2009,ROSELAND,11046
113,2004,CHICAGO LAWN,10932
114,2006,GREATER GRAND CROSSING,10919
115,2002,HUMBOLDT PARK,10895
116,2010,NORTH LAWNDALE,10845
117,2003,GREATER GRAND CROSSING,10820
118,2011,WEST ENGLEWOOD,10817
119,2003,NEW CITY,10765
120,2002,SOUTH SHORE,10685
121,2010,AUBURN GRESHAM,10656
122,2018,LOOP,10639
123,2004,LOGAN SQUARE,10621
124,2013,SOUTH SHORE,10559
125,2009,ENGLEWOOD,10549
126,2010,CHICAGO LAWN,10514
127,2002,NEAR WEST SIDE,10447
128,2017,LOOP,10438
129,2019,LOOP,10401
130,2012,NORTH LAWNDALE,10377
131,2008,GREATER GRAND CROSSING,10368
132,2010,ROSELAND,10364
133,2016,NEAR NORTH SIDE,10361
134,2009,CHICAGO LAWN,10297
135,2011,AUBURN GRESHAM,10247
136,2013,HUMBOLDT PARK,10244
137,2022,NEAR NORTH SIDE,10239
138,2009,NEAR WEST SIDE,10198
139,2010,ENGLEWOOD,10161
140,2011,WEST TOWN,10116
141,2013,NEAR NORTH SIDE,10091
142,2004,NEW CITY,10076
143,2002,WEST ENGLEWOOD,10068
144,2009,NORTH LAWNDALE,10061
145,2006,NEW CITY,9995
146,2011,NORTH LAWNDALE,9993
147,2012,WEST ENGLEWOOD,9974
148,2011,CHICAGO LAWN,9949
149,2011,ROSELAND,9907
150,2010,NEAR WEST SIDE,9799
151,2013,NORTH LAWNDALE,9769
152,2007,NEW CITY,9694
153,2012,WEST TOWN,9653
154,2011,NEAR WEST SIDE,9653
155,2007,CHATHAM,9616
156,2005,NEW CITY,9585
157,2005,CHATHAM,9576
158,2006,LOGAN SQUARE,9539
159,2009,GREATER GRAND CROSSING,9530
160,2003,LOOP,9470
161,2004,CHATHAM,9437
162,2012,AUBURN GRESHAM,9408
163,2002,ENGLEWOOD,9396
164,2012,NEAR WEST SIDE,9378
165,2010,GREATER GRAND CROSSING,9365
166,2005,LOGAN SQUARE,9351
167,2016,NEAR WEST SIDE,9350
168,2003,CHATHAM,9313
169,2011,ENGLEWOOD,9311
170,2004,LOOP,9267
171,2019,NEAR WEST SIDE,9239
172,2014,SOUTH SHORE,9235
173,2018,NORTH LAWNDALE,9229
174,2018,NEAR WEST SIDE,9218
175,2022,NEAR WEST SIDE,9179
176,2014,HUMBOLDT PARK,9166
177,2007,LOGAN SQUARE,9164
178,2004,EAST GARFIELD PARK,9121
179,2008,CHATHAM,9108
180,2003,EAST GARFIELD PARK,9101
181,2012,ENGLEWOOD,9079
182,2006,CHATHAM,9063
183,2012,ROSELAND,9012
184,2013,WEST ENGLEWOOD,9004
185,2017,NORTH LAWNDALE,8963
186,2019,NORTH LAWNDALE,8936
187,2014,NEAR NORTH SIDE,8934
188,2006,SOUTH CHICAGO,8928
189,2011,GREATER GRAND CROSSING,8917
190,2015,SOUTH SHORE,8908
191,2017,NEAR WEST SIDE,8896
192,2005,LOOP,8883
193,2015,NEAR NORTH SIDE,8874
194,2016,LOOP,8866
195,2002,AUBURN GRESHAM,8866
196,2008,NEW CITY,8847
197,2004,SOUTH CHICAGO,8842
198,2007,SOUTH CHICAGO,8815
199,2016,NORTH LAWNDALE,8753
200,2012,GREATER GRAND CROSSING,8717
201,2007,LOOP,8702
202,2008,LOGAN SQUARE,8696
203,2006,LOOP,8680
204,2002,ROSELAND,8671
205,2002,LOGAN SQUARE,8664
206,2014,NORTH LAWNDALE,8630
207,2019,SOUTH SHORE,8617
208,2004,LAKE VIEW,8616
209,2003,LAKE VIEW,8611
210,2008,LOOP,8605
211,2009,LOGAN SQUARE,8578
212,2012,CHICAGO LAWN,8576
213,2017,SOUTH SHORE,8569
214,2006,EAST GARFIELD PARK,8565
215,2013,AUBURN GRESHAM,8560
216,2018,SOUTH SHORE,8558
217,2003,BELMONT CRAGIN,8531
218,2003,GRAND BOULEVARD,8520
219,2002,NORTH LAWNDALE,8495
220,2013,NEAR WEST SIDE,8486
221,2007,EAST GARFIELD PARK,8396
222,2005,WEST GARFIELD PARK,8378
223,2006,WEST GARFIELD PARK,8361
224,2003,SOUTH CHICAGO,8337
225,2005,BELMONT CRAGIN,8271
226,2005,EAST GARFIELD PARK,8259
227,2005,SOUTH CHICAGO,8229
228,2022,SOUTH SHORE,8205
229,2013,WEST TOWN,8195
230,2013,ENGLEWOOD,8184
231,2009,BELMONT CRAGIN,8178
232,2017,WEST TOWN,8174
233,2010,LOGAN SQUARE,8157
234,2009,CHATHAM,8151
235,2013,ROSELAND,8143
236,2016,SOUTH SHORE,8129
237,2016,WEST TOWN,8106
238,2004,BELMONT CRAGIN,8100
239,2004,WOODLAWN,8096
240,2008,LAKE VIEW,8072
241,2009,NEW CITY,8060
242,2021,NEAR NORTH SIDE,8050
243,2015,NORTH LAWNDALE,8027
244,2007,WEST PULLMAN,8026
245,2007,WOODLAWN,8004
246,2003,WOODLAWN,8003
247,2002,CHICAGO LAWN,7996
248,2017,HUMBOLDT PARK,7994
249,2007,BELMONT CRAGIN,7991
250,2016,HUMBOLDT PARK,7990
251,2015,HUMBOLDT PARK,7981
252,2007,LAKE VIEW,7975
253,2019,HUMBOLDT PARK,7970
254,2018,HUMBOLDT PARK,7969
255,2009,LOOP,7960
256,2014,AUBURN GRESHAM,7954
257,2007,WEST GARFIELD PARK,7917
258,2008,SOUTH CHICAGO,7911
259,2008,BELMONT CRAGIN,7890
260,2003,LINCOLN PARK,7889
261,2014,NEAR WEST SIDE,7855
262,2004,WEST PULLMAN,7855
263,2004,SOUTH LAWNDALE,7839
264,2010,LOOP,7837
265,2006,WOODLAWN,7837
266,2006,BELMONT CRAGIN,7832
267,2004,WEST GARFIELD PARK,7822
268,2008,EAST GARFIELD PARK,7819
269,2006,LAKE VIEW,7818
270,2005,WOODLAWN,7817
271,2005,WEST PULLMAN,7812
272,2002,GREATER GRAND CROSSING,7776
273,2013,LOOP,7767
274,2015,NEAR WEST SIDE,7766
275,2010,NEW CITY,7737
276,2012,LOOP,7737
277,2015,AUBURN GRESHAM,7727
278,2011,NEW CITY,7726
279,2020,SOUTH SHORE,7723
280,2013,GREATER GRAND CROSSING,7711
281,2022,LOOP,7708
282,2005,LAKE VIEW,7708
283,2007,SOUTH LAWNDALE,7675
284,2009,LAKE VIEW,7654
285,2012,LAKE VIEW,7653
286,2004,GRAND BOULEVARD,7638
287,2006,WEST PULLMAN,7636
288,2003,ROGERS PARK,7628
289,2002,NEW CITY,7617
290,2011,LOOP,7592
291,2004,ROGERS PARK,7587
292,2014,WEST ENGLEWOOD,7584
293,2010,BELMONT CRAGIN,7579
294,2019,AUBURN GRESHAM,7563
295,2016,AUBURN GRESHAM,7563
296,2010,CHATHAM,7510
297,2009,SOUTH CHICAGO,7509
298,2011,LAKE VIEW,7502
299,2005,UPTOWN,7490
300,2005,ROGERS PARK,7484
301,2003,SOUTH LAWNDALE,7483
302,2003,UPTOWN,7464
303,2015,LOOP,7459
304,2010,LAKE VIEW,7458
305,2017,AUBURN GRESHAM,7452
306,2005,SOUTH LAWNDALE,7445
307,2004,UPTOWN,7413
308,2006,SOUTH LAWNDALE,7389
309,2014,ROSELAND,7349
310,2003,WEST GARFIELD PARK,7337
311,2008,WEST GARFIELD PARK,7331
312,2011,LOGAN SQUARE,7313
313,2014,WEST TOWN,7308
314,2021,SOUTH SHORE,7299
315,2018,AUBURN GRESHAM,7294
316,2011,CHATHAM,7290
317,2013,CHICAGO LAWN,7289
318,2004,LINCOLN PARK,7286
319,2014,LOOP,7249
320,2008,SOUTH LAWNDALE,7236
321,2003,WEST PULLMAN,7233
322,2012,CHATHAM,7226
323,2015,WEST ENGLEWOOD,7165
324,2006,ROGERS PARK,7155
325,2013,CHATHAM,7141
326,2018,WEST TOWN,7134
327,2019,WEST TOWN,7116
328,2002,LOOP,7103
329,2014,ENGLEWOOD,7083
330,2020,NEAR NORTH SIDE,7073
331,2020,NORTH LAWNDALE,7042
332,2008,WOODLAWN,7039
333,2018,WEST ENGLEWOOD,7024
334,2008,WEST PULLMAN,7005
335,2009,EAST GARFIELD PARK,6998
336,2022,WEST TOWN,6990
337,2015,ENGLEWOOD,6982
338,2016,WEST ENGLEWOOD,6979
339,2010,EAST GARFIELD PARK,6957
340,2015,WEST TOWN,6930
341,2017,WEST ENGLEWOOD,6899
342,2007,LINCOLN PARK,6899
343,2017,ROSELAND,6880
344,2011,BELMONT CRAGIN,6867
345,2016,ROSELAND,6847
346,2018,ROSELAND,6833
347,2004,DOUGLAS,6826
348,2012,NEW CITY,6812
349,2013,LAKE VIEW,6805
350,2005,DOUGLAS,6805
351,2007,ROGERS PARK,6784
352,2006,UPTOWN,6780
353,2010,SOUTH CHICAGO,6779
354,2009,WOODLAWN,6775
355,2012,LOGAN SQUARE,6763
356,2011,SOUTH CHICAGO,6761
357,2019,CHATHAM,6757
358,2019,GREATER GRAND CROSSING,6718
359,2014,GREATER GRAND CROSSING,6709
360,2008,LINCOLN PARK,6701
361,2021,NEAR WEST SIDE,6697
362,2012,WEST GARFIELD PARK,6668
363,2013,WEST GARFIELD PARK,6665
364,2015,GREATER GRAND CROSSING,6659
365,2006,LINCOLN PARK,6642
366,2009,WEST PULLMAN,6622
367,2019,WEST ENGLEWOOD,6600
368,2002,CHATHAM,6580
369,2005,LINCOLN PARK,6571
370,2016,GREATER GRAND CROSSING,6568
371,2020,HUMBOLDT PARK,6557
372,2015,ROSELAND,6534
373,2012,SOUTH CHICAGO,6531
374,2019,ROSELAND,6498
375,2022,NORTH LAWNDALE,6492
376,2010,WOODLAWN,6484
377,2003,DOUGLAS,6480
378,2003,PORTAGE PARK,6470
379,2002,GRAND BOULEVARD,6466
380,2014,CHICAGO LAWN,6456
381,2018,CHATHAM,6453
382,2002,LAKE VIEW,6416
383,2017,GREATER GRAND CROSSING,6408
384,2011,EAST GARFIELD PARK,6405
385,2008,ROGERS PARK,6388
386,2007,UPTOWN,6381
387,2010,WEST GARFIELD PARK,6375
388,2005,GRAND BOULEVARD,6357
389,2012,BELMONT CRAGIN,6356
390,2017,CHATHAM,6335
391,2020,NEAR WEST SIDE,6330
392,2018,GREATER GRAND CROSSING,6293
393,2010,SOUTH LAWNDALE,6286
394,2011,WEST GARFIELD PARK,6275
395,2013,EAST GARFIELD PARK,6260
396,2016,ENGLEWOOD,6246
397,2014,CHATHAM,6244
398,2009,WEST GARFIELD PARK,6236
399,2016,CHATHAM,6217
400,2019,WEST GARFIELD PARK,6212
401,2009,SOUTH LAWNDALE,6201
402,2021,NORTH LAWNDALE,6200
403,2002,EAST GARFIELD PARK,6199
404,2014,WEST GARFIELD PARK,6178
405,2012,EAST GARFIELD PARK,6176
406,2022,AUBURN GRESHAM,6175
407,2002,BELMONT CRAGIN,6172
408,2018,ENGLEWOOD,6166
409,2006,DOUGLAS,6157
410,2020,AUBURN GRESHAM,6154
411,2015,CHICAGO LAWN,6085
412,2009,LINCOLN PARK,6032
413,2006,WEST RIDGE,6024
414,2019,ENGLEWOOD,6016
415,2011,SOUTH LAWNDALE,6015
416,2006,GRAND BOULEVARD,6004
417,2013,NEW CITY,5988
418,2022,CHATHAM,5984
419,2010,WEST PULLMAN,5973
420,2022,HUMBOLDT PARK,5966
421,2002,SOUTH CHICAGO,5966
422,2016,LAKE VIEW,5948
423,2015,CHATHAM,5940
424,2021,AUBURN GRESHAM,5917
425,2004,PORTAGE PARK,5913
426,2008,UPTOWN,5904
427,2011,WEST PULLMAN,5900
428,2002,ROGERS PARK,5899
429,2020,ROSELAND,5895
430,2017,ENGLEWOOD,5894
431,2020,GREATER GRAND CROSSING,5889
432,2022,GREATER GRAND CROSSING,5878
433,2009,ROGERS PARK,5878
434,2002,UPTOWN,5864
435,2002,LINCOLN PARK,5860
436,2019,LAKE VIEW,5858
437,2022,ROSELAND,5846
438,2013,LOGAN SQUARE,5845
439,2013,SOUTH CHICAGO,5814
440,2016,CHICAGO LAWN,5808
441,2005,PORTAGE PARK,5808
442,2005,WEST RIDGE,5807
443,2010,LINCOLN PARK,5795
444,2021,HUMBOLDT PARK,5788
445,2015,WEST GARFIELD PARK,5779
446,2018,LAKE VIEW,5779
447,2012,SOUTH LAWNDALE,5769
448,2014,EAST GARFIELD PARK,5768
449,2016,WEST GARFIELD PARK,5763
450,2002,SOUTH LAWNDALE,5763
451,2002,WOODLAWN,5762
452,2012,WEST PULLMAN,5741
453,2004,WEST RIDGE,5735
454,2013,BELMONT CRAGIN,5699
455,2011,WOODLAWN,5699
456,2017,CHICAGO LAWN,5689
457,2014,LAKE VIEW,5666
458,2008,PORTAGE PARK,5653
459,2018,CHICAGO LAWN,5640
460,2020,WEST ENGLEWOOD,5639
461,2018,WEST GARFIELD PARK,5623
462,2017,LAKE VIEW,5590
463,2022,LAKE VIEW,5588
464,2010,ROGERS PARK,5571
465,2021,GREATER GRAND CROSSING,5562
466,2006,WASHINGTON HEIGHTS,5516
467,2019,CHICAGO LAWN,5503
468,2015,LAKE VIEW,5467
469,2007,DOUGLAS,5460
470,2003,IRVING PARK,5458
471,2002,WEST PULLMAN,5457
472,2021,WEST TOWN,5432
473,2006,PORTAGE PARK,5409
474,2002,WEST GARFIELD PARK,5408
475,2012,WOODLAWN,5394
476,2007,WASHINGTON HEIGHTS,5393
477,2020,CHATHAM,5387
478,2016,LOGAN SQUARE,5385
479,2008,WEST RIDGE,5378
480,2007,GRAND BOULEVARD,5334
481,2007,PORTAGE PARK,5328
482,2017,WEST GARFIELD PARK,5328
483,2021,LOOP,5322
484,2004,WASHINGTON HEIGHTS,5322
485,2008,GRAND BOULEVARD,5296
486,2005,WASHINGTON HEIGHTS,5289
487,2021,ROSELAND,5278
488,2021,CHATHAM,5265
489,2011,LINCOLN PARK,5263
490,2015,EAST GARFIELD PARK,5255
491,2007,WEST RIDGE,5250
492,2014,NEW CITY,5245
493,2009,GRAND BOULEVARD,5234
494,2009,PORTAGE PARK,5228
495,2004,WASHINGTON PARK,5220
496,2014,SOUTH CHICAGO,5219
497,2003,WASHINGTON PARK,5205
498,2003,WEST RIDGE,5195
499,2002,DOUGLAS,5178
500,2009,WEST RIDGE,5164
501,2006,WASHINGTON PARK,5162
502,2005,WASHINGTON PARK,5161
503,2013,WEST PULLMAN,5143
504,2004,IRVING PARK,5132
505,2009,UPTOWN,5125
506,2005,IRVING PARK,5122
507,2020,ENGLEWOOD,5110
508,2011,ROGERS PARK,5107
509,2013,SOUTH LAWNDALE,5101
510,2020,WEST TOWN,5084
511,2014,LOGAN SQUARE,5070
512,2010,UPTOWN,5068
513,2003,WASHINGTON HEIGHTS,5062
514,2006,IRVING PARK,5041
515,2016,EAST GARFIELD PARK,5010
516,2015,SOUTH CHICAGO,5005
517,2005,EDGEWATER,4983
518,2020,LOOP,4973
519,2012,LINCOLN PARK,4969
520,2012,UPTOWN,4961
521,2003,LOWER WEST SIDE,4958
522,2008,WASHINGTON HEIGHTS,4951
523,2017,LOGAN SQUARE,4950
524,2014,BELMONT CRAGIN,4943
525,2020,WEST GARFIELD PARK,4922
526,2012,ROGERS PARK,4920
527,2016,NEW CITY,4911
528,2018,LINCOLN PARK,4899
529,2004,EDGEWATER,4880
530,2010,WEST RIDGE,4880
531,2018,EAST GARFIELD PARK,4873
532,2021,WEST ENGLEWOOD,4869
533,2003,BRIGHTON PARK,4860
534,2015,NEW CITY,4835
535,2020,CHICAGO LAWN,4834
536,2008,IRVING PARK,4830
537,2019,LOGAN SQUARE,4812
538,2018,LOGAN SQUARE,4803
539,2004,AVONDALE,4803
540,2003,AVONDALE,4777
541,2016,SOUTH CHICAGO,4769
542,2011,UPTOWN,4763
543,2015,BELMONT CRAGIN,4761
544,2022,CHICAGO LAWN,4756
545,2003,EDGEWATER,4754
546,2016,BELMONT CRAGIN,4747
547,2014,SOUTH LAWNDALE,4742
548,2004,LOWER WEST SIDE,4732
549,2013,WOODLAWN,4731
550,2011,GRAND BOULEVARD,4729
551,2015,LOGAN SQUARE,4712
552,2017,EAST GARFIELD PARK,4705
553,2004,BRIGHTON PARK,4701
554,2006,EDGEWATER,4694
555,2007,IRVING PARK,4693
556,2022,WEST ENGLEWOOD,4681
557,2010,GRAND BOULEVARD,4674
558,2016,SOUTH LAWNDALE,4673
559,2022,ENGLEWOOD,4661
560,2021,ENGLEWOOD,4650
561,2019,EAST GARFIELD PARK,4644
562,2009,WASHINGTON HEIGHTS,4639
563,2010,PORTAGE PARK,4637
564,2005,NEAR SOUTH SIDE,4612
565,2006,BRIGHTON PARK,4612
566,2009,IRVING PARK,4612
567,2017,NEW CITY,4605
568,2021,CHICAGO LAWN,4548
569,2002,PORTAGE PARK,4547
570,2021,LAKE VIEW,4544
571,2010,WASHINGTON HEIGHTS,4544
572,2017,BELMONT CRAGIN,4537
573,2017,SOUTH CHICAGO,4524
574,2010,IRVING PARK,4523
575,2004,GARFIELD RIDGE,4505
576,2018,SOUTH LAWNDALE,4504
577,2017,SOUTH LAWNDALE,4490
578,2007,WASHINGTON PARK,4474
579,2013,LINCOLN PARK,4471
580,2003,GARFIELD RIDGE,4441
581,2019,SOUTH LAWNDALE,4423
582,2013,ROGERS PARK,4421
583,2011,WEST RIDGE,4414
584,2006,NEAR SOUTH SIDE,4413
585,2003,ALBANY PARK,4399
586,2005,BRIGHTON PARK,4395
587,2015,SOUTH LAWNDALE,4388
588,2011,PORTAGE PARK,4381
589,2017,LINCOLN PARK,4373
590,2014,WEST PULLMAN,4350
591,2004,NEAR SOUTH SIDE,4344
592,2019,BELMONT CRAGIN,4338
593,2022,SOUTH CHICAGO,4323
594,2018,BELMONT CRAGIN,4322
595,2005,AVONDALE,4319
596,2006,LOWER WEST SIDE,4310
597,2011,IRVING PARK,4297
598,2005,GAGE PARK,4292
599,2007,LOWER WEST SIDE,4287
600,2018,SOUTH CHICAGO,4284
601,2006,ASHBURN,4283
602,2013,UPTOWN,4276
603,2019,NEW CITY,4243
604,2008,ASHBURN,4241
605,2019,SOUTH CHICAGO,4240
606,2003,GAGE PARK,4239
607,2007,EDGEWATER,4239
608,2007,ASHBURN,4223
609,2019,LINCOLN PARK,4203
610,2007,BRIGHTON PARK,4199
611,2005,LOWER WEST SIDE,4197
612,2006,GARFIELD RIDGE,4196
613,2018,NEW CITY,4188
614,2009,WASHINGTON PARK,4176
615,2008,DOUGLAS,4169
616,2008,WASHINGTON PARK,4164
617,2014,WOODLAWN,4158
618,2011,WASHINGTON HEIGHTS,4151
619,2012,PORTAGE PARK,4150
620,2016,LINCOLN PARK,4140
621,2006,AVONDALE,4139
622,2008,BRIGHTON PARK,4117
623,2008,EDGEWATER,4116
624,2012,GRAND BOULEVARD,4105
625,2020,LAKE VIEW,4084
626,2005,GARFIELD RIDGE,4080
627,2021,WEST GARFIELD PARK,4078
628,2006,GAGE PARK,4076
629,2002,IRVING PARK,4075
630,2017,ROGERS PARK,4069
631,2014,LINCOLN PARK,4063
632,2006,ALBANY PARK,4061
633,2010,WASHINGTON PARK,4052
634,2012,WEST RIDGE,4024
635,2008,LOWER WEST SIDE,4011
636,2018,WEST PULLMAN,4009
637,2011,WASHINGTON PARK,4002
638,2022,BELMONT CRAGIN,4000
639,2005,ASHBURN,3995
640,2019,ROGERS PARK,3990
641,2013,GRAND BOULEVARD,3990
642,2007,GARFIELD RIDGE,3973
643,2013,PORTAGE PARK,3964
644,2012,WASHINGTON HEIGHTS,3960
645,2017,WEST PULLMAN,3955
646,2010,GAGE PARK,3943
647,2015,WEST PULLMAN,3943
648,2004,ASHBURN,3943
649,2002,WEST RIDGE,3940
650,2022,LOGAN SQUARE,3940
651,2002,WASHINGTON HEIGHTS,3939
652,2003,NEAR SOUTH SIDE,3936
653,2022,ROGERS PARK,3930
654,2012,IRVING PARK,3929
655,2008,GAGE PARK,3904
656,2007,GAGE PARK,3902
657,2013,WASHINGTON HEIGHTS,3895
658,2009,GAGE PARK,3887
659,2005,ALBANY PARK,3886
660,2004,GAGE PARK,3876
661,2007,AVONDALE,3871
662,2016,WEST PULLMAN,3868
663,2022,WEST RIDGE,3866
664,2008,AVONDALE,3860
665,2019,WEST PULLMAN,3833
666,2009,BRIGHTON PARK,3828
667,2008,NEAR SOUTH SIDE,3813
668,2009,AVONDALE,3810
669,2020,WEST PULLMAN,3809
670,2022,WEST GARFIELD PARK,3808
671,2013,WEST RIDGE,3803
672,2017,WOODLAWN,3797
673,2004,ALBANY PARK,3792
674,2014,UPTOWN,3791
675,2003,ASHBURN,3785
676,2014,ROGERS PARK,3779
677,2008,ALBANY PARK,3758
678,2018,ROGERS PARK,3748
679,2022,NEW CITY,3747
680,2010,AVONDALE,3741
681,2011,GAGE PARK,3736
682,2022,SOUTH LAWNDALE,3730
683,2002,WASHINGTON PARK,3730
684,2020,BELMONT CRAGIN,3729
685,2022,UPTOWN,3713
686,2011,BRIGHTON PARK,3708
687,2007,ALBANY PARK,3697
688,2022,EAST GARFIELD PARK,3697
689,2009,ASHBURN,3696
690,2020,EAST GARFIELD PARK,3693
691,2015,LINCOLN PARK,3693
692,2002,EDGEWATER,3684
693,2010,EDGEWATER,3668
694,2015,WOODLAWN,3652
695,2007,NEAR SOUTH SIDE,3640
696,2007,MORGAN PARK,3640
697,2016,ROGERS PARK,3638
698,2020,LOGAN SQUARE,3637
699,2004,MORGAN PARK,3622
700,2021,SOUTH CHICAGO,3621
701,2006,MORGAN PARK,3612
702,2016,WOODLAWN,3598
703,2008,GARFIELD RIDGE,3597
704,2009,LOWER WEST SIDE,3587
705,2009,EDGEWATER,3580
706,2021,BELMONT CRAGIN,3570
707,2015,UPTOWN,3563
708,2018,UPTOWN,3562
709,2003,MORGAN PARK,3558
710,2021,EAST GARFIELD PARK,3550
711,2020,SOUTH LAWNDALE,3550
712,2002,GARFIELD RIDGE,3550
713,2006,WEST LAWN,3548
714,2004,WEST LAWN,3546
715,2010,ALBANY PARK,3545
716,2009,ALBANY PARK,3540
717,2017,WEST RIDGE,3538
718,2020,NEW CITY,3537
719,2005,MORGAN PARK,3533
720,2010,BRIGHTON PARK,3528
721,2019,WOODLAWN,3524
722,2016,UPTOWN,3515
723,2003,WEST LAWN,3513
724,2015,ROGERS PARK,3507
725,2010,LOWER WEST SIDE,3494
726,2013,IRVING PARK,3487
727,2014,GRAND BOULEVARD,3485
728,2021,WEST PULLMAN,3484
729,2021,LOGAN SQUARE,3483
730,2021,NEW CITY,3483
731,2002,AVONDALE,3482
732,2010,ASHBURN,3473
733,2018,WEST RIDGE,3472
734,2017,UPTOWN,3470
735,2012,WASHINGTON PARK,3466
736,2002,LOWER WEST SIDE,3444
737,2011,LOWER WEST SIDE,3437
738,2018,WOODLAWN,3436
739,2008,MORGAN PARK,3419
740,2019,WEST RIDGE,3416
741,2022,LINCOLN PARK,3396
742,2014,WEST RIDGE,3394
743,2015,PORTAGE PARK,3388
744,2017,GRAND BOULEVARD,3385
745,2014,PORTAGE PARK,3371
746,2013,WASHINGTON PARK,3368
747,2011,AVONDALE,3365
748,2022,GRAND BOULEVARD,3361
749,2005,LINCOLN SQUARE,3350
750,2019,GRAND BOULEVARD,3348
751,2020,SOUTH CHICAGO,3346
752,2004,LINCOLN SQUARE,3341
753,2011,EDGEWATER,3332
754,2022,WEST PULLMAN,3322
755,2017,PORTAGE PARK,3315
756,2009,MORGAN PARK,3311
757,2002,BRIGHTON PARK,3291
758,2012,LOWER WEST SIDE,3283
759,2019,UPTOWN,3283
760,2021,ROGERS PARK,3281
761,2016,GRAND BOULEVARD,3272
762,2012,AVONDALE,3271
763,2006,LINCOLN SQUARE,3268
764,2003,HYDE PARK,3267
765,2012,EDGEWATER,3265
766,2005,HYDE PARK,3258
767,2016,WEST RIDGE,3256
768,2003,NORTH CENTER,3256
769,2003,LINCOLN SQUARE,3251
770,2021,SOUTH LAWNDALE,3250
771,2009,GARFIELD RIDGE,3235
772,2012,GAGE PARK,3234
773,2008,WEST LAWN,3232
774,2004,HYDE PARK,3230
775,2016,PORTAGE PARK,3224
776,2003,BRIDGEPORT,3217
777,2005,WEST LAWN,3208
778,2007,WEST LAWN,3203
779,2016,WASHINGTON HEIGHTS,3194
780,2019,WASHINGTON HEIGHTS,3193
781,2012,BRIGHTON PARK,3188
782,2023,AUSTIN,3187
783,2020,ROGERS PARK,3184
784,2018,GRAND BOULEVARD,3182
785,2014,WASHINGTON HEIGHTS,3180
786,2022,WOODLAWN,3171
787,2018,PORTAGE PARK,3159
788,2010,MORGAN PARK,3157
789,2018,WASHINGTON HEIGHTS,3139
790,2011,ASHBURN,3131
791,2004,NORTH CENTER,3130
792,2009,DOUGLAS,3127
793,2002,ALBANY PARK,3127
794,2004,BRIDGEPORT,3114
795,2005,BRIDGEPORT,3111
796,2015,WASHINGTON HEIGHTS,3104
797,2011,ALBANY PARK,3092
798,2021,UPTOWN,3073
799,2015,GRAND BOULEVARD,3064
800,2013,LOWER WEST SIDE,3063
801,2009,WEST LAWN,3061
802,2003,HERMOSA,3060
803,2003,DUNNING,3058
804,2015,WEST RIDGE,3053
805,2017,WASHINGTON HEIGHTS,3048
806,2020,WEST RIDGE,3035
807,2002,GAGE PARK,3026
808,2005,NORTH CENTER,2974
809,2017,IRVING PARK,2962
810,2006,BRIDGEPORT,2959
811,2016,IRVING PARK,2958
812,2015,IRVING PARK,2957
813,2022,PORTAGE PARK,2943
814,2012,ALBANY PARK,2939
815,2010,DOUGLAS,2931
816,2002,ASHBURN,2927
817,2014,WASHINGTON PARK,2918
818,2021,WEST RIDGE,2917
819,2003,KENWOOD,2905
820,2011,MORGAN PARK,2905
821,2014,BRIGHTON PARK,2896
822,2013,BRIGHTON PARK,2890
823,2020,GRAND BOULEVARD,2888
824,2008,DUNNING,2885
825,2005,KENWOOD,2880
826,2020,WOODLAWN,2878
827,2019,PORTAGE PARK,2866
828,2022,WASHINGTON HEIGHTS,2866
829,2020,UPTOWN,2843
830,2003,SOUTH DEERING,2842
831,2007,LINCOLN SQUARE,2840
832,2014,IRVING PARK,2826
833,2021,LINCOLN PARK,2824
834,2013,GAGE PARK,2822
835,2004,HERMOSA,2822
836,2012,ASHBURN,2817
837,2006,NORTH CENTER,2810
838,2013,ASHBURN,2808
839,2022,EDGEWATER,2796
840,2021,WOODLAWN,2794
841,2004,DUNNING,2789
842,2018,IRVING PARK,2785
843,2013,DOUGLAS,2785
844,2022,LOWER WEST SIDE,2785
845,2018,WASHINGTON PARK,2780
846,2010,WEST LAWN,2770
847,2012,DOUGLAS,2762
848,2008,LINCOLN SQUARE,2743
849,2007,SOUTH DEERING,2730
850,2022,DOUGLAS,2729
851,2021,GRAND BOULEVARD,2726
852,2020,LINCOLN PARK,2724
853,2023,NEAR NORTH SIDE,2724
854,2002,MORGAN PARK,2719
855,2015,WASHINGTON PARK,2716
856,2013,EDGEWATER,2710
857,2004,KENWOOD,2709
858,2018,EDGEWATER,2708
859,2015,BRIGHTON PARK,2707
860,2012,MORGAN PARK,2706
861,2019,DOUGLAS,2705
862,2016,ASHBURN,2704
863,2006,HERMOSA,2704
864,2017,WASHINGTON PARK,2700
865,2011,DOUGLAS,2696
866,2016,WASHINGTON PARK,2689
867,2014,LOWER WEST SIDE,2689
868,2007,DUNNING,2684
869,2013,ALBANY PARK,2684
870,2011,WEST LAWN,2675
871,2006,HYDE PARK,2675
872,2018,DOUGLAS,2670
873,2013,AVONDALE,2669
874,2009,DUNNING,2661
875,2002,NEAR SOUTH SIDE,2654
876,2008,SOUTH DEERING,2649
877,2005,DUNNING,2639
878,2002,WEST LAWN,2631
879,2008,BRIDGEPORT,2626
880,2016,BRIGHTON PARK,2625
881,2007,NORTH CENTER,2625
882,2014,GAGE PARK,2622
883,2020,WASHINGTON HEIGHTS,2622
884,2010,SOUTH DEERING,2622
885,2007,HERMOSA,2620
886,2005,HERMOSA,2612
887,2004,SOUTH DEERING,2610
888,2009,LINCOLN SQUARE,2607
889,2007,BRIDGEPORT,2602
890,2016,LOWER WEST SIDE,2601
891,2007,HYDE PARK,2598
892,2017,LOWER WEST SIDE,2592
893,2023,NEAR WEST SIDE,2590
894,2010,GARFIELD RIDGE,2584
895,2016,DOUGLAS,2576
896,2017,DOUGLAS,2573
897,2002,LINCOLN SQUARE,2573
898,2020,PORTAGE PARK,2569
899,2017,EDGEWATER,2565
900,2006,SOUTH DEERING,2561
901,2010,LINCOLN SQUARE,2559
902,2014,DOUGLAS,2550
903,2014,ASHBURN,2548
904,2011,GARFIELD RIDGE,2548
905,2003,EAST SIDE,2542
906,2008,NORTH CENTER,2542
907,2022,IRVING PARK,2540
908,2004,CALUMET HEIGHTS,2535
909,2009,SOUTH DEERING,2527
910,2011,SOUTH DEERING,2509
911,2006,OHARE,2508
912,2019,IRVING PARK,2503
913,2015,ALBANY PARK,2501
914,2009,BRIDGEPORT,2498
915,2021,WASHINGTON HEIGHTS,2497
916,2005,SOUTH DEERING,2496
917,2013,MORGAN PARK,2484
918,2015,LOWER WEST SIDE,2475
919,2002,HYDE PARK,2475
920,2006,DUNNING,2475
921,2021,PORTAGE PARK,2473
922,2015,DOUGLAS,2469
923,2017,ASHBURN,2462
924,2012,GARFIELD RIDGE,2461
925,2019,EDGEWATER,2460
926,2003,CALUMET HEIGHTS,2450
927,2007,KENWOOD,2448
928,2007,OHARE,2447
929,2010,BRIDGEPORT,2446
930,2012,WEST LAWN,2442
931,2023,SOUTH SHORE,2438
932,2017,ALBANY PARK,2438
933,2009,HERMOSA,2432
934,2008,HERMOSA,2424
935,2010,HERMOSA,2414
936,2009,NORTH CENTER,2406
937,2004,EAST SIDE,2401
938,2016,ALBANY PARK,2394
939,2014,ALBANY PARK,2385
940,2018,ALBANY PARK,2381
941,2004,AVALON PARK,2380
942,2018,ASHBURN,2372
943,2022,NEAR SOUTH SIDE,2372
944,2021,EDGEWATER,2365
945,2002,BRIDGEPORT,2363
946,2005,AVALON PARK,2362
947,2002,NORTH CENTER,2359
948,2014,AVONDALE,2355
949,2018,LOWER WEST SIDE,2352
950,2016,GAGE PARK,2349
951,2006,KENWOOD,2349
952,2010,DUNNING,2349
953,2006,CALUMET HEIGHTS,2348
954,2007,CALUMET HEIGHTS,2344
955,2016,EDGEWATER,2334
956,2003,RIVERDALE,2329
957,2019,WASHINGTON PARK,2327
958,2011,BRIDGEPORT,2326
959,2012,LINCOLN SQUARE,2325
960,2015,GAGE PARK,2324
961,2019,ASHBURN,2321
962,2008,OHARE,2320
963,2019,LOWER WEST SIDE,2319
964,2005,CALUMET HEIGHTS,2318
965,2011,LINCOLN SQUARE,2310
966,2017,AVONDALE,2308
967,2006,AVALON PARK,2308
968,2014,EDGEWATER,2306
969,2009,KENWOOD,2300
970,2008,AVALON PARK,2299
971,2018,AVONDALE,2297
972,2010,KENWOOD,2295
973,2008,KENWOOD,2291
974,2012,SOUTH DEERING,2288
975,2003,AVALON PARK,2284
976,2015,ASHBURN,2275
977,2017,GAGE PARK,2273
978,2005,EAST SIDE,2272
979,2002,DUNNING,2263
980,2016,AVONDALE,2262
981,2008,CALUMET HEIGHTS,2262
982,2007,AVALON PARK,2253
983,2004,RIVERDALE,2250
984,2014,SOUTH DEERING,2249
985,2013,WEST LAWN,2245
986,2009,NEAR SOUTH SIDE,2236
987,2010,HYDE PARK,2234
988,2020,EDGEWATER,2229
989,2021,DOUGLAS,2222
990,2013,LINCOLN SQUARE,2215
991,2015,AVONDALE,2215
992,2011,CALUMET HEIGHTS,2215
993,2019,BRIGHTON PARK,2214
994,2008,HYDE PARK,2211
995,2022,WASHINGTON PARK,2209
996,2015,EDGEWATER,2199
997,2019,ALBANY PARK,2195
998,2003,OHARE,2194
999,2017,BRIGHTON PARK,2193
1000,2006,EAST SIDE,2189
1001,2013,SOUTH DEERING,2184
1002,2021,IRVING PARK,2177
1003,2012,BRIDGEPORT,2163
1004,2018,BRIGHTON PARK,2160
1005,2011,DUNNING,2156
1006,2021,LOWER WEST SIDE,2153
1007,2011,HYDE PARK,2151
1008,2019,GAGE PARK,2149
1009,2008,EAST SIDE,2141
1010,2020,DOUGLAS,2139
1011,2014,MORGAN PARK,2132
1012,2022,ALBANY PARK,2132
1013,2013,OHARE,2127
1014,2020,IRVING PARK,2126
1015,2016,WEST LAWN,2126
1016,2019,AVONDALE,2107
1017,2018,MORGAN PARK,2105
1018,2013,GARFIELD RIDGE,2103
1019,2002,SOUTH DEERING,2101
1020,2023,LOOP,2100
1021,2010,CALUMET HEIGHTS,2098
1022,2016,GARFIELD RIDGE,2096
1023,2007,EAST SIDE,2092
1024,2014,WEST LAWN,2090
1025,2017,MORGAN PARK,2082
1026,2009,CALUMET HEIGHTS,2081
1027,2004,OHARE,2080
1028,2004,MCKINLEY PARK,2075
1029,2009,HYDE PARK,2074
1030,2011,KENWOOD,2070
1031,2003,MCKINLEY PARK,2068
1032,2022,BRIGHTON PARK,2067
1033,2003,NORWOOD PARK,2065
1034,2002,HERMOSA,2061
1035,2010,NORTH CENTER,2061
1036,2009,EAST SIDE,2060
1037,2018,GARFIELD RIDGE,2058
1038,2011,HERMOSA,2058
1039,2022,HYDE PARK,2057
1040,2018,GAGE PARK,2052
1041,2012,HERMOSA,2048
1042,2015,MORGAN PARK,2047
1043,2009,OHARE,2024
1044,2015,WEST LAWN,2020
1045,2014,OHARE,2001
1046,2005,OHARE,2001
1047,2010,NEAR SOUTH SIDE,1998
1048,2006,MCKINLEY PARK,1997
1049,2003,PULLMAN,1996
1050,2020,LOWER WEST SIDE,1994
1051,2009,AVALON PARK,1994
1052,2005,RIVERDALE,1988
1053,2002,KENWOOD,1985
1054,2016,MORGAN PARK,1977
1055,2020,ALBANY PARK,1976
1056,2002,RIVERDALE,1974
1057,2008,NORWOOD PARK,1966
1058,2013,HERMOSA,1964
1059,2016,LINCOLN SQUARE,1957
1060,2011,AVALON PARK,1956
1061,2017,LINCOLN SQUARE,1952
1062,2022,ASHBURN,1949
1063,2007,PULLMAN,1948
1064,2022,LINCOLN SQUARE,1943
1065,2011,NORTH CENTER,1940
1066,2020,WASHINGTON PARK,1938
1067,2022,AVONDALE,1938
1068,2003,CLEARING,1932
1069,2003,FULLER PARK,1929
1070,2012,DUNNING,1924
1071,2014,GARFIELD RIDGE,1923
1072,2007,CLEARING,1923
1073,2011,OHARE,1920
1074,2022,GAGE PARK,1919
1075,2012,CALUMET HEIGHTS,1918
1076,2012,NORTH CENTER,1915
1077,2021,WASHINGTON PARK,1914
1078,2012,HYDE PARK,1913
1079,2004,PULLMAN,1912
1080,2018,HYDE PARK,1911
1081,2004,CLEARING,1905
1082,2023,WEST TOWN,1903
1083,2016,NEAR SOUTH SIDE,1902
1084,2018,LINCOLN SQUARE,1902
1085,2017,GARFIELD RIDGE,1899
1086,2015,SOUTH DEERING,1897
1087,2005,MCKINLEY PARK,1896
1088,2022,GARFIELD RIDGE,1893
1089,2014,LINCOLN SQUARE,1892
1090,2013,BRIDGEPORT,1890
1091,2016,SOUTH DEERING,1880
1092,2004,NORWOOD PARK,1878
1093,2010,OHARE,1876
1094,2017,NEAR SOUTH SIDE,1874
1095,2008,CLEARING,1870
1096,2011,EAST SIDE,1865
1097,2012,NEAR SOUTH SIDE,1860
1098,2019,MORGAN PARK,1859
1099,2017,WEST LAWN,1856
1100,2020,ASHBURN,1855
1101,2010,EAST SIDE,1852
1102,2003,JEFFERSON PARK,1851
1103,2019,GARFIELD RIDGE,1845
1104,2019,SOUTH DEERING,1840
1105,2015,NEAR SOUTH SIDE,1840
1106,2010,AVALON PARK,1831
1107,2013,DUNNING,1828
1108,2012,OHARE,1827
1109,2019,NEAR SOUTH SIDE,1818
1110,2020,LINCOLN SQUARE,1816
1111,2005,CLEARING,1812
1112,2013,NEAR SOUTH SIDE,1809
1113,2006,CLEARING,1809
1114,2021,ALBANY PARK,1808
1115,2006,NORWOOD PARK,1808
1116,2012,AVALON PARK,1803
1117,2014,BRIDGEPORT,1797
1118,2012,KENWOOD,1792
1119,2006,JEFFERSON PARK,1792
1120,2005,PULLMAN,1791
1121,2003,WEST ELSDON,1787
1122,2023,NORTH LAWNDALE,1786
1123,2007,MCKINLEY PARK,1786
1124,2018,NEAR SOUTH SIDE,1782
1125,2014,HERMOSA,1779
1126,2015,GARFIELD RIDGE,1779
1127,2020,AVONDALE,1772
1128,2007,NORWOOD PARK,1772
1129,2008,MCKINLEY PARK,1768
1130,2018,WEST LAWN,1766
1131,2022,KENWOOD,1765
1132,2014,NEAR SOUTH SIDE,1764
1133,2021,BRIGHTON PARK,1763
1134,2019,LINCOLN SQUARE,1760
1135,2011,NEAR SOUTH SIDE,1760
1136,2020,BRIGHTON PARK,1759
1137,2021,ASHBURN,1758
1138,2008,JEFFERSON PARK,1758
1139,2012,EAST SIDE,1742
1140,2021,NEAR SOUTH SIDE,1741
1141,2017,SOUTH DEERING,1741
1142,2016,DUNNING,1739
1143,2015,LINCOLN SQUARE,1739
1144,2004,BEVERLY,1739
1145,2016,HYDE PARK,1737
1146,2006,WEST ELSDON,1735
1147,2022,SOUTH DEERING,1733
1148,2022,MORGAN PARK,1733
1149,2018,SOUTH DEERING,1730
1150,2005,NORWOOD PARK,1730
1151,2016,OHARE,1729
1152,2005,BEVERLY,1728
1153,2009,MCKINLEY PARK,1727
1154,2002,CALUMET HEIGHTS,1725
1155,2007,ARCHER HEIGHTS,1725
1156,2023,CHATHAM,1717
1157,2013,NORTH CENTER,1717
1158,2021,MORGAN PARK,1713
1159,2020,GAGE PARK,1710
1160,2003,ARMOUR SQUARE,1710
1161,2003,BEVERLY,1709
1162,2008,WEST ELSDON,1709
1163,2004,WEST ELSDON,1708
1164,2015,HERMOSA,1705
1165,2023,GREATER GRAND CROSSING,1701
1166,2004,JEFFERSON PARK,1701
1167,2002,EAST SIDE,1700
1168,2009,NORWOOD PARK,1696
1169,2023,AUBURN GRESHAM,1692
1170,2005,ARMOUR SQUARE,1692
1171,2019,HYDE PARK,1686
1172,2006,PULLMAN,1685
1173,2019,WEST LAWN,1684
1174,2017,HYDE PARK,1680
1175,2016,BRIDGEPORT,1677
1176,2007,WEST ELSDON,1674
1177,2002,OHARE,1670
1178,2008,PULLMAN,1670
1179,2013,HYDE PARK,1663
1180,2020,MORGAN PARK,1661
1181,2019,OHARE,1651
1182,2021,GAGE PARK,1648
1183,2004,ARMOUR SQUARE,1646
1184,2009,CLEARING,1644
1185,2021,HYDE PARK,1640
1186,2013,AVALON PARK,1637
1187,2021,LINCOLN SQUARE,1634
1188,2006,ARCHER HEIGHTS,1634
1189,2017,OHARE,1633
1190,2008,BEVERLY,1632
1191,2009,ARCHER HEIGHTS,1631
1192,2015,DUNNING,1626
1193,2023,HUMBOLDT PARK,1626
1194,2006,ARMOUR SQUARE,1621
1195,2020,SOUTH DEERING,1620
1196,2006,RIVERDALE,1615
1197,2022,OHARE,1615
1198,2003,ARCHER HEIGHTS,1614
1199,2007,JEFFERSON PARK,1612
1200,2013,CALUMET HEIGHTS,1611
1201,2005,WEST ELSDON,1610
1202,2009,WEST ELSDON,1605
1203,2002,AVALON PARK,1604
1204,2005,ARCHER HEIGHTS,1603
1205,2004,ARCHER HEIGHTS,1598
1206,2005,JEFFERSON PARK,1596
1207,2013,KENWOOD,1592
1208,2005,NORTH PARK,1592
1209,2015,OHARE,1588
1210,2015,BRIDGEPORT,1587
1211,2012,RIVERDALE,1583
1212,2014,CALUMET HEIGHTS,1579
1213,2018,OHARE,1573
1214,2022,WEST LAWN,1571
1215,2014,DUNNING,1559
1216,2008,ARCHER HEIGHTS,1555
1217,2023,ROSELAND,1553
1218,2006,NORTH PARK,1550
1219,2021,AVONDALE,1546
1220,2020,NEAR SOUTH SIDE,1544
1221,2016,HERMOSA,1543
1222,2007,BEVERLY,1543
1223,2014,NORTH CENTER,1531
1224,2012,ARMOUR SQUARE,1530
1225,2011,RIVERDALE,1529
1226,2007,RIVERDALE,1525
1227,2021,GARFIELD RIDGE,1524
1228,2002,MCKINLEY PARK,1521
1229,2006,BEVERLY,1520
1230,2020,GARFIELD RIDGE,1518
1231,2022,DUNNING,1516
1232,2004,FULLER PARK,1514
1233,2022,BRIDGEPORT,1513
1234,2008,NORTH PARK,1511
1235,2006,FULLER PARK,1510
1236,2004,NORTH PARK,1502
1237,2017,KENWOOD,1500
1238,2007,NORTH PARK,1497
1239,2013,EAST SIDE,1496
1240,2017,HERMOSA,1495
1241,2013,RIVERDALE,1491
1242,2009,JEFFERSON PARK,1491
1243,2014,AVALON PARK,1488
1244,2017,DUNNING,1488
1245,2018,BRIDGEPORT,1488
1246,2018,DUNNING,1485
1247,2015,HYDE PARK,1485
1248,2021,DUNNING,1484
1249,2011,WEST ELSDON,1484
1250,2010,MCKINLEY PARK,1483
1251,2014,KENWOOD,1478
1252,2017,BRIDGEPORT,1476
1253,2012,NORWOOD PARK,1461
1254,2003,NORTH PARK,1461
1255,2015,CALUMET HEIGHTS,1454
1256,2009,PULLMAN,1445
1257,2010,NORWOOD PARK,1441
1258,2011,ARMOUR SQUARE,1441
1259,2011,NORWOOD PARK,1438
1260,2019,BRIDGEPORT,1437
1261,2021,SOUTH DEERING,1434
1262,2002,NORWOOD PARK,1434
1263,2018,KENWOOD,1432
1264,2002,BEVERLY,1431
1265,2011,MCKINLEY PARK,1428
1266,2002,CLEARING,1421
1267,2007,FULLER PARK,1416
1268,2019,CALUMET HEIGHTS,1409
1269,2014,HYDE PARK,1408
1270,2002,JEFFERSON PARK,1407
1271,2012,JEFFERSON PARK,1407
1272,2020,HYDE PARK,1404
1273,2016,CALUMET HEIGHTS,1403
1274,2010,CLEARING,1397
1275,2016,KENWOOD,1396
1276,2010,WEST ELSDON,1395
1277,2010,RIVERDALE,1395
1278,2010,JEFFERSON PARK,1394
1279,2019,RIVERDALE,1391
1280,2018,HERMOSA,1388
1281,2005,FULLER PARK,1386
1282,2008,FULLER PARK,1384
1283,2009,BEVERLY,1383
1284,2021,OHARE,1382
1285,2014,EAST SIDE,1382
1286,2014,RIVERDALE,1378
1287,2010,PULLMAN,1372
1288,2017,NORTH CENTER,1371
1289,2016,NORTH CENTER,1369
1290,2015,NORTH CENTER,1369
1291,2018,CALUMET HEIGHTS,1368
1292,2008,RIVERDALE,1367
1293,2010,ARMOUR SQUARE,1367
1294,2012,WEST ELSDON,1367
1295,2009,RIVERDALE,1364
1296,2019,KENWOOD,1360
1297,2015,AVALON PARK,1359
1298,2010,ARCHER HEIGHTS,1356
1299,2017,CALUMET HEIGHTS,1344
1300,2018,RIVERDALE,1344
1301,2023,ENGLEWOOD,1342
1302,2008,ARMOUR SQUARE,1341
1303,2017,RIVERDALE,1340
1304,2002,WEST ELSDON,1340
1305,2012,MCKINLEY PARK,1340
1306,2002,PULLMAN,1339
1307,2011,CLEARING,1338
1308,2013,JEFFERSON PARK,1334
1309,2019,DUNNING,1332
1310,2015,KENWOOD,1330
1311,2016,EAST SIDE,1328
1312,2020,DUNNING,1327
1313,2023,LAKE VIEW,1324
1314,2002,ARMOUR SQUARE,1315
1315,2022,CALUMET HEIGHTS,1311
1316,2016,NORWOOD PARK,1307
1317,2016,AVALON PARK,1305
1318,2015,EAST SIDE,1302
1319,2021,CALUMET HEIGHTS,1302
1320,2011,JEFFERSON PARK,1300
1321,2022,NORTH CENTER,1295
1322,2019,HERMOSA,1293
1323,2013,ARMOUR SQUARE,1292
1324,2009,NORTH PARK,1292
1325,2013,WEST ELSDON,1291
1326,2022,HERMOSA,1291
1327,2018,NORTH CENTER,1287
1328,2021,KENWOOD,1286
1329,2010,BEVERLY,1285
1330,2011,ARCHER HEIGHTS,1284
1331,2019,AVALON PARK,1284
1332,2003,MONTCLARE,1277
1333,2012,CLEARING,1277
1334,2002,FULLER PARK,1276
1335,2013,MCKINLEY PARK,1276
1336,2023,CHICAGO LAWN,1269
1337,2016,RIVERDALE,1268
1338,2017,AVALON PARK,1268
1339,2020,BRIDGEPORT,1258
1340,2012,PULLMAN,1258
1341,2020,CALUMET HEIGHTS,1253
1342,2014,NORWOOD PARK,1249
1343,2015,NORWOOD PARK,1248
1344,2021,HERMOSA,1246
1345,2020,WEST LAWN,1242
1346,2022,RIVERDALE,1241
1347,2021,BRIDGEPORT,1239
1348,2019,NORTH CENTER,1238
1349,2021,WEST LAWN,1237
1350,2011,BEVERLY,1232
1351,2023,LOGAN SQUARE,1231
1352,2014,JEFFERSON PARK,1226
1353,2013,NORWOOD PARK,1224
1354,2022,NORWOOD PARK,1224
1355,2012,FULLER PARK,1222
1356,2014,ARMOUR SQUARE,1221
1357,2009,ARMOUR SQUARE,1219
1358,2007,ARMOUR SQUARE,1216
1359,2010,FULLER PARK,1215
1360,2014,PULLMAN,1211
1361,2023,WEST ENGLEWOOD,1209
1362,2017,EAST SIDE,1203
1363,2016,PULLMAN,1203
1364,2013,ARCHER HEIGHTS,1198
1365,2012,BEVERLY,1197
1366,2023,BELMONT CRAGIN,1197
1367,2023,SOUTH CHICAGO,1196
1368,2012,ARCHER HEIGHTS,1195
1369,2018,PULLMAN,1193
1370,2011,PULLMAN,1189
1371,2010,NORTH PARK,1187
1372,2011,FULLER PARK,1187
1373,2020,AVALON PARK,1186
1374,2020,KENWOOD,1176
1375,2020,HERMOSA,1166
1376,2015,RIVERDALE,1165
1377,2019,PULLMAN,1159
1378,2021,NORWOOD PARK,1152
1379,2022,AVALON PARK,1151
1380,2018,AVALON PARK,1147
1381,2013,PULLMAN,1146
1382,2018,NORWOOD PARK,1146
1383,2009,FULLER PARK,1144
1384,2015,JEFFERSON PARK,1139
1385,2022,EAST SIDE,1138
1386,2019,NORWOOD PARK,1132
1387,2020,OHARE,1131
1388,2002,ARCHER HEIGHTS,1125
1389,2003,MOUNT GREENWOOD,1125
1390,2022,ARMOUR SQUARE,1125
1391,2002,NORTH PARK,1119
1392,2011,NORTH PARK,1115
1393,2013,CLEARING,1114
1394,2021,AVALON PARK,1106
1395,2021,RIVERDALE,1105
1396,2016,WEST ELSDON,1096
1397,2004,MOUNT GREENWOOD,1095
1398,2020,NORTH CENTER,1094
1399,2018,EAST SIDE,1091
1400,2017,PULLMAN,1085
1401,2012,NORTH PARK,1081
1402,2009,MONTCLARE,1080
1403,2018,JEFFERSON PARK,1077
1404,2013,FULLER PARK,1075
1405,2016,JEFFERSON PARK,1069
1406,2017,NORWOOD PARK,1069
1407,2023,ROGERS PARK,1066
1408,2015,MCKINLEY PARK,1064
1409,2003,HEGEWISCH,1062
1410,2015,ARMOUR SQUARE,1060
1411,2023,UPTOWN,1059
1412,2020,RIVERDALE,1057
1413,2007,MONTCLARE,1055
1414,2014,MCKINLEY PARK,1053
1415,2014,ARCHER HEIGHTS,1049
1416,2017,MCKINLEY PARK,1038
1417,2022,JEFFERSON PARK,1035
1418,2016,MCKINLEY PARK,1033
1419,2015,PULLMAN,1033
1420,2023,NEW CITY,1032
1421,2005,MOUNT GREENWOOD,1032
1422,2017,JEFFERSON PARK,1031
1423,2015,WEST ELSDON,1031
1424,2004,MONTCLARE,1030
1425,2023,WEST GARFIELD PARK,1029
1426,2013,BEVERLY,1019
1427,2019,ARMOUR SQUARE,1015
1428,2023,SOUTH LAWNDALE,1012
1429,2014,WEST ELSDON,1010
1430,2017,WEST ELSDON,1009
1431,2017,ARMOUR SQUARE,1008
1432,2018,WEST ELSDON,1007
1433,2016,ARMOUR SQUARE,1004
1434,2019,EAST SIDE,1000
1435,2023,EAST GARFIELD PARK,998
1436,2014,CLEARING,997
1437,2005,MONTCLARE,997
1438,2018,ARMOUR SQUARE,994
1439,2004,HEGEWISCH,993
1440,2008,MONTCLARE,992
1441,2020,NORWOOD PARK,989
1442,2006,MONTCLARE,988
1443,2021,EAST SIDE,987
1444,2018,NORTH PARK,986
1445,2015,ARCHER HEIGHTS,981
1446,2022,CLEARING,979
1447,2022,ARCHER HEIGHTS,978
1448,2016,BEVERLY,977
1449,2020,JEFFERSON PARK,975
1450,2021,NORTH CENTER,974
1451,2015,BEVERLY,969
1452,2016,NORTH PARK,965
1453,2016,CLEARING,964
1454,2006,HEGEWISCH,964
1455,2019,JEFFERSON PARK,960
1456,2022,NORTH PARK,960
1457,2007,MOUNT GREENWOOD,959
1458,2008,HEGEWISCH,957
1459,2017,NORTH PARK,950
1460,2006,MOUNT GREENWOOD,948
1461,2018,CLEARING,942
1462,2008,OAKLAND,939
1463,2020,EAST SIDE,938
1464,2007,OAKLAND,938
1465,2019,CLEARING,930
1466,2022,PULLMAN,930
1467,2014,FULLER PARK,929
1468,2016,FULLER PARK,927
1469,2008,MOUNT GREENWOOD,925
1470,2023,WEST PULLMAN,923
1471,2015,CLEARING,922
1472,2005,HEGEWISCH,922
1473,2023,GRAND BOULEVARD,918
1474,2010,MOUNT GREENWOOD,916
1475,2021,CLEARING,915
1476,2013,NORTH PARK,914
1477,2020,PULLMAN,910
1478,2019,BEVERLY,909
1479,2021,PULLMAN,909
1480,2023,WEST RIDGE,907
1481,2021,ARMOUR SQUARE,904
1482,2019,FULLER PARK,902
1483,2018,MCKINLEY PARK,901
1484,2014,BEVERLY,899
1485,2010,MONTCLARE,899
1486,2019,WEST ELSDON,898
1487,2002,MONTCLARE,898
1488,2003,OAKLAND,892
1489,2004,OAKLAND,891
1490,2018,BEVERLY,890
1491,2009,MOUNT GREENWOOD,886
1492,2016,ARCHER HEIGHTS,878
1493,2017,CLEARING,878
1494,2023,WASHINGTON HEIGHTS,877
1495,2017,FULLER PARK,873
1496,2014,NORTH PARK,872
1497,2005,OAKLAND,872
1498,2017,BEVERLY,869
1499,2022,BEVERLY,869
1500,2005,FOREST GLEN,864
1501,2010,OAKLAND,859
1502,2007,HEGEWISCH,858
1503,2002,OAKLAND,851
1504,2022,MCKINLEY PARK,851
1505,2011,MONTCLARE,850
1506,2009,OAKLAND,847
1507,2022,WEST ELSDON,844
1508,2023,LINCOLN PARK,842
1509,2023,WOODLAWN,841
1510,2020,CLEARING,836
1511,2017,ARCHER HEIGHTS,836
1512,2020,ARMOUR SQUARE,835
1513,2003,FOREST GLEN,835
1514,2020,BEVERLY,833
1515,2015,FULLER PARK,830
1516,2018,FULLER PARK,829
1517,2015,NORTH PARK,828
1518,2019,MCKINLEY PARK,823
1519,2002,MOUNT GREENWOOD,822
1520,2011,HEGEWISCH,822
1521,2021,JEFFERSON PARK,818
1522,2018,ARCHER HEIGHTS,813
1523,2009,HEGEWISCH,807
1524,2019,ARCHER HEIGHTS,803
1525,2023,PORTAGE PARK,797
1526,2006,OAKLAND,796
1527,2023,IRVING PARK,795
1528,2011,OAKLAND,792
1529,2019,NORTH PARK,789
1530,2006,FOREST GLEN,782
1531,2023,EDGEWATER,781
1532,2008,FOREST GLEN,780
1533,2012,MONTCLARE,780
1534,2021,BEVERLY,773
1535,2004,FOREST GLEN,773
1536,2012,OAKLAND,772
1537,2010,HEGEWISCH,765
1538,2020,NORTH PARK,752
1539,2009,FOREST GLEN,740
1540,2022,OAKLAND,740
1541,2012,HEGEWISCH,739
1542,2008,BURNSIDE,737
1543,2020,MCKINLEY PARK,735
1544,2023,DOUGLAS,735
1545,2007,FOREST GLEN,735
1546,2004,BURNSIDE,734
1547,2007,BURNSIDE,734
1548,2011,MOUNT GREENWOOD,725
1549,2023,LOWER WEST SIDE,717
1550,2020,WEST ELSDON,716
1551,2013,HEGEWISCH,715
1552,2005,BURNSIDE,713
1553,2002,HEGEWISCH,712
1554,2013,OAKLAND,711
1555,2012,MOUNT GREENWOOD,707
1556,2021,MCKINLEY PARK,699
1557,2010,FOREST GLEN,695
1558,2021,WEST ELSDON,691
1559,2016,OAKLAND,684
1560,2021,NORTH PARK,682
1561,2003,BURNSIDE,676
1562,2020,ARCHER HEIGHTS,673
1563,2020,FULLER PARK,672
1564,2017,OAKLAND,669
1565,2016,MONTCLARE,668
1566,2014,MOUNT GREENWOOD,665
1567,2006,BURNSIDE,665
1568,2021,ARCHER HEIGHTS,663
1569,2017,HEGEWISCH,662
1570,2023,WASHINGTON PARK,657
1571,2022,MONTCLARE,652
1572,2023,ASHBURN,642
1573,2014,OAKLAND,636
1574,2018,OAKLAND,633
1575,2013,MONTCLARE,632
1576,2019,OAKLAND,627
1577,2013,MOUNT GREENWOOD,625
1578,2014,HEGEWISCH,623
1579,2023,NEAR SOUTH SIDE,623
1580,2022,FULLER PARK,623
1581,2015,OAKLAND,615
1582,2023,ALBANY PARK,613
1583,2018,HEGEWISCH,613
1584,2020,OAKLAND,611
1585,2017,MONTCLARE,607
1586,2002,FOREST GLEN,607
1587,2015,MOUNT GREENWOOD,603
1588,2022,HEGEWISCH,603
1589,2023,GARFIELD RIDGE,602
1590,2011,FOREST GLEN,602
1591,2016,MOUNT GREENWOOD,601
1592,2021,HEGEWISCH,600
1593,2009,BURNSIDE,599
1594,2012,FOREST GLEN,598
1595,2022,FOREST GLEN,595
1596,2018,MONTCLARE,590
1597,2016,HEGEWISCH,582
1598,2023,BRIGHTON PARK,581
1599,2017,MOUNT GREENWOOD,579
1600,2021,OAKLAND,576
1601,2015,MONTCLARE,573
1602,2016,FOREST GLEN,562
1603,2023,HYDE PARK,555
1604,2020,MONTCLARE,553
1605,2018,MOUNT GREENWOOD,553
1606,2019,MONTCLARE,548
1607,2021,FULLER PARK,544
1608,2023,LINCOLN SQUARE,538
1609,2023,AVONDALE,535
1610,2020,FOREST GLEN,534
1611,2012,BURNSIDE,534
1612,2017,FOREST GLEN,532
1613,2023,KENWOOD,527
1614,2023,GAGE PARK,522
1615,2014,MONTCLARE,519
1616,2022,MOUNT GREENWOOD,517
1617,2023,MORGAN PARK,508
1618,2015,HEGEWISCH,503
1619,2021,MONTCLARE,503
1620,2020,MOUNT GREENWOOD,502
1621,2023,SOUTH DEERING,498
1622,2020,HEGEWISCH,496
1623,2019,HEGEWISCH,492
1624,2021,MOUNT GREENWOOD,489
1625,2018,FOREST GLEN,485
1626,2023,WEST LAWN,482
1627,2013,BURNSIDE,470
1628,2019,MOUNT GREENWOOD,468
1629,2023,OHARE,467
1630,2002,BURNSIDE,462
1631,2008,EDISON PARK,462
1632,2010,BURNSIDE,459
1633,2005,EDISON PARK,459
1634,2014,FOREST GLEN,458
1635,2011,BURNSIDE,455
1636,2021,FOREST GLEN,453
1637,2019,FOREST GLEN,450
1638,2013,FOREST GLEN,442
1639,2015,FOREST GLEN,441
1640,2006,EDISON PARK,433
1641,2023,DUNNING,423
1642,2003,EDISON PARK,422
1643,2007,EDISON PARK,416
1644,2014,BURNSIDE,401
1645,2004,EDISON PARK,400
1646,2016,BURNSIDE,397
1647,2023,HERMOSA,388
1648,2009,EDISON PARK,381
1649,2015,BURNSIDE,380
1650,2018,BURNSIDE,379
1651,2023,CALUMET HEIGHTS,378
1652,2019,BURNSIDE,374
1653,2023,NORTH CENTER,371
1654,2011,EDISON PARK,366
1655,2017,BURNSIDE,365
1656,2023,BRIDGEPORT,358
1657,2020,BURNSIDE,338
1658,2022,BURNSIDE,337
1659,2023,AVALON PARK,331
1660,2021,BURNSIDE,326
1661,2023,RIVERDALE,322
1662,2012,EDISON PARK,321
1663,2023,EAST SIDE,320
1664,2023,CLEARING,315
1665,2002,EDISON PARK,315
1666,2016,EDISON PARK,303
1667,2010,EDISON PARK,303
1668,2023,NORWOOD PARK,301
1669,2013,EDISON PARK,297
1670,2022,EDISON PARK,288
1671,2023,JEFFERSON PARK,273
1672,2001,AUSTIN,268
1673,2019,EDISON PARK,265
1674,2017,EDISON PARK,264
1675,2023,PULLMAN,263
1676,2023,ARCHER HEIGHTS,259
1677,2015,EDISON PARK,252
1678,2023,ARMOUR SQUARE,250
1679,2023,OAKLAND,248
1680,2018,EDISON PARK,247
1681,2020,EDISON PARK,244
1682,2014,EDISON PARK,242
1683,2021,EDISON PARK,234
1684,2023,WEST ELSDON,231
1685,2023,BEVERLY,226
1686,2023,MCKINLEY PARK,225
1687,2001,HUMBOLDT PARK,224
1688,2023,NORTH PARK,215
1689,2023,FULLER PARK,188
1690,2023,MOUNT GREENWOOD,158
1691,2023,HEGEWISCH,158
1692,2023,MONTCLARE,145
1693,2023,FOREST GLEN,140
1694,2001,LOGAN SQUARE,119
1695,2001,WEST TOWN,114
1696,2001,SOUTH SHORE,107
1697,2001,WEST GARFIELD PARK,107
1698,2001,EAST GARFIELD PARK,105
1699,2001,NEAR NORTH SIDE,104
1700,2001,NORTH LAWNDALE,104
1701,2001,ENGLEWOOD,102
1702,2001,NEAR WEST SIDE,98
1703,2001,AUBURN GRESHAM,91
1704,2001,BELMONT CRAGIN,87
1705,2001,LOOP,84
1706,2001,WEST ENGLEWOOD,81
1707,2001,ROSELAND,80
1708,2001,CHICAGO LAWN,78
1709,2001,GREATER GRAND CROSSING,77
1710,2001,SOUTH CHICAGO,75
1711,2001,SOUTH LAWNDALE,74
1712,2023,BURNSIDE,74
1713,2001,UPTOWN,71
1714,2001,NEW CITY,70
1715,2001,CHATHAM,69
1716,2023,EDISON PARK,61
1717,2001,LINCOLN PARK,59
1718,2001,AVONDALE,55
1719,2001,GRAND BOULEVARD,54
1720,2001,LAKE VIEW,52
1721,2001,ROGERS PARK,52
1722,2001,WEST PULLMAN,52
1723,2001,IRVING PARK,49
1724,2001,WOODLAWN,48
1725,2001,PORTAGE PARK,46
1726,2001,BRIGHTON PARK,45
1727,2001,EDGEWATER,45
1728,2001,LOWER WEST SIDE,41
1729,2001,WASHINGTON HEIGHTS,40
1730,2001,GAGE PARK,40
1731,2001,ASHBURN,38
1732,2001,DOUGLAS,38
1733,2001,GARFIELD RIDGE,37
1734,2001,WEST RIDGE,37
1735,2001,ALBANY PARK,36
1736,2001,NEAR SOUTH SIDE,34
1737,2001,HERMOSA,33
1738,2001,LINCOLN SQUARE,33
1739,2001,HYDE PARK,32
1740,2001,OHARE,30
1741,2001,WEST LAWN,29
1742,2001,WASHINGTON PARK,26
1743,2001,SOUTH DEERING,25
1744,2001,CALUMET HEIGHTS,24
1745,2001,MORGAN PARK,24
1746,2001,NORTH CENTER,24
1747,2001,DUNNING,23
1748,2001,CLEARING,23
1749,2001,BRIDGEPORT,22
1750,2001,KENWOOD,22
1751,2001,BEVERLY,18
1752,2001,MCKINLEY PARK,17
1753,2001,PULLMAN,17
1754,2001,NORTH PARK,16
1755,2001,JEFFERSON PARK,16
1756,2001,ARMOUR SQUARE,15
1757,2001,RIVERDALE,14
1758,2001,ARCHER HEIGHTS,13
1759,2001,AVALON PARK,12
1760,2001,EAST SIDE,12
1761,2001,WEST ELSDON,11
1762,2001,NORWOOD PARK,11
1763,2001,MOUNT GREENWOOD,10
1764,2001,HEGEWISCH,10
1765,2001,MONTCLARE,10
1766,2001,FULLER PARK,7
1767,2001,OAKLAND,7
1768,2001,BURNSIDE,6
1769,2001,FOREST GLEN,5
1770,2001,EDISON PARK,4
